Activity Type,Date,Favorite,Title,Distance,Calories,Time,Avg HR,Max HR,Avg Run Cadence,Max Run Cadence,Avg Pace,Best Pace,Total Ascent,Total Descent,Avg Stride Length,Avg Vertical Ratio,Avg Vertical Oscillation,Avg Ground Contact Time,Training Stress ScoreÂ®,Avg Power,Max Power,Grit,Flow,Avg. Swolf,Avg Stroke Rate,Total Reps,Dive Time,Min Temp,Surface Interval,Decompression,Best Lap Time,Number of Laps,Max Temp,Moving Time,Elapsed Time,Min Elevation,Max Elevation
Running,12/18/2022 9:09,FALSE,Grand Blanc Running,14,"1,527",1:34:00,0,0,171,188,6:43,5:38,253,253,1.41,0,0,0,0,0,0,0,0,0,0,0,0:00,0,0:00,No,00:00.9,15,0,1:33:57,1:35:59,864,942
Running,12/15/2022 9:34,FALSE,Saginaw Running,3,328,0:21:05,0,0,167,175,7:01,6:30,--,--,1.38,0,0,0,0,0,0,0,0,0,0,0,0:00,0,0:00,No,00:01.3,4,0,0:21:05,0:21:09,591,600
Treadmill Running,12/15/2022 8:54,FALSE,Treadmill Running,4.5,492,0:30:19,0,0,170,188,6:44,5:00,--,--,1.39,0,0,0,0,0,0,0,0,0,0,0,0:00,0,0:00,No,02:00.2,12,0,0:30:17,0:30:19,526,526
Running,12/15/2022 8:19,FALSE,Saginaw Running,3.06,333,0:21:26,0,0,166,173,7:00,6:36,3,3,1.39,0,0,0,0,0,0,0,0,0,0,0,0:00,0,0:00,No,00:25.8,4,0,0:21:26,0:21:26,594,597
Running,12/14/2022 11:37,FALSE,Saginaw County Running,10.01,"1,090",1:09:59,0,0,169,182,7:00,6:04,13,13,1.36,0,0,0,0,0,0,0,0,0,0,0,0:00,0,0:00,No,00:01.9,11,0,1:09:57,1:15:18,581,605
Running,12/13/2022 11:45,FALSE,Saginaw Running,3.01,325,0:20:52,0,0,168,176,6:56,6:34,--,--,1.38,0,0,0,0,0,0,0,0,0,0,0,0:00,0,0:00,No,00:01.7,4,0,0:20:51,0:20:56,591,600
Treadmill Running,12/13/2022 11:05,FALSE,Treadmill Running,3.1,330,0:19:21,0,0,174,182,6:14,5:07,--,--,1.49,0,0,0,0,0,0,0,0,0,0,0,0:00,0,0:00,No,00:01.4,16,0,0:19:19,0:21:40,--,--
Running,12/13/2022 10:30,FALSE,Saginaw Running,3.01,329,0:20:08,0,0,168,177,6:42,5:56,--,--,1.43,0,0,0,0,0,0,0,0,0,0,0,0:00,0,0:00,No,00:01.6,4,0,0:20:08,0:20:11,594,597
Running,12/11/2022 8:23,FALSE,Saginaw Running,14,"1,491",1:34:05,0,0,170,185,6:43,3:21,405,405,1.38,0,0,0,0,0,0,0,0,0,0,0,0:00,0,0:00,No,04:28.6,14,0,1:34:03,1:39:32,411,605
Running,12/9/2022 8:49,FALSE,Saginaw Running,3.01,328,0:21:12,0,0,168,176,7:03,6:34,--,--,1.36,0,0,0,0,0,0,0,0,0,0,0,0:00,0,0:00,No,00:02.1,4,0,0:21:11,0:21:12,591,600
Treadmill Running,12/9/2022 8:22,FALSE,Treadmill Running,1.73,192,0:12:47,0,0,162,167,7:23,7:00,--,--,1.35,0,0,0,0,0,0,0,0,0,0,0,0:00,0,0:00,No,05:20.2,2,0,0:12:47,0:12:47,--,--
Treadmill Running,12/9/2022 8:07,FALSE,Treadmill Running,1.41,148,08:05.4,0,0,179,194,5:45,4:45,--,--,1.55,0,0,0,0,0,0,0,0,0,0,0,0:00,0,0:00,No,00:00.6,7,0,08:04.3,08:05.4,--,--
Running,12/9/2022 7:23,FALSE,Saginaw Running,3.01,328,0:20:50,0,0,168,181,6:56,5:35,3,--,1.38,0,0,0,0,0,0,0,0,0,0,0,0:00,0,0:00,No,00:01.3,4,0,0:20:49,0:20:50,594,597
Running,12/8/2022 6:20,FALSE,Saginaw Running,8,874,0:56:07,0,0,167,185,7:01,5:30,16,16,1.38,0,0,0,0,0,0,0,0,0,0,0,0:00,0,0:00,No,00:01.6,9,0,0:56:04,0:57:05,591,614
Running,12/7/2022 7:21,FALSE,Saginaw Running,11.01,"1,204",1:15:56,0,0,168,178,6:54,5:56,25,25,1.39,0,0,0,0,0,0,0,0,0,0,0,0:00,0,0:00,No,00:02.9,12,0,1:15:53,1:15:56,584,600
Running,12/6/2022 11:51,FALSE,Saginaw Running,3.01,328,0:20:41,0,0,165,173,6:53,6:27,10,10,1.42,0,0,0,0,0,0,0,0,0,0,0,0:00,0,0:00,No,00:01.9,4,0,0:20:40,0:20:41,584,594
Treadmill Running,12/6/2022 10:46,FALSE,"3mi Tempo, 2xTempo Mile, 2x200",5.5,546,0:33:27,0,0,170,220,6:05,3:07,--,--,1.47,0,0,0,0,0,0,0,0,0,0,0,0:00,0,0:00,No,00:28.7,26,0,0:33:22,0:35:37,--,--
Running,12/6/2022 10:12,FALSE,Saginaw Running,3.01,326,0:19:48,0,0,165,171,6:35,6:06,--,--,1.49,0,0,0,0,0,0,0,0,0,0,0,0:00,0,0:00,No,00:02.2,4,0,0:19:48,0:19:48,594,597
Treadmill Running,12/5/2022 7:13,FALSE,Treadmill Running,2,222,0:14:52,0,0,161,165,7:25,6:57,--,--,1.35,0,0,0,0,0,0,0,0,0,0,0,0:00,0,0:00,No,00:01.3,3,0,0:14:52,0:14:52,--,--
Running,12/5/2022 6:20,FALSE,Saginaw Running,5,553,0:35:58,0,0,165,174,7:11,5:44,8,7,1.35,0,0,0,0,0,0,0,0,0,0,0,0:00,0,0:00,No,00:00.9,6,0,0:35:57,0:36:18,591,600
Running,12/4/2022 8:15,FALSE,Saginaw Running,14.01,"1,526",1:36:18,0,0,167,178,6:53,5:20,22,22,1.4,0,0,0,0,0,0,0,0,0,0,0,0:00,0,0:00,No,00:02.3,15,0,1:36:14,1:40:25,581,606
Running,12/3/2022 9:48,FALSE,Saginaw Running,8,868,0:52:30,0,0,167,178,6:34,5:39,30,30,1.47,0,0,0,0,0,0,0,0,0,0,0,0:00,0,0:00,No,00:01.3,9,0,0:52:28,0:56:32,594,623
Running,12/1/2022 7:08,FALSE,Saginaw Running,8.67,947,0:58:14,0,0,168,176,6:43,5:46,14,11,1.43,0,0,0,0,0,0,0,0,0,0,0,0:00,0,0:00,No,04:17.1,9,0,0:58:11,0:58:19,584,594
Running,11/30/2022 9:28,FALSE,Saginaw Running,5,546,0:34:43,0,0,167,178,6:56,5:57,13,13,1.39,0,0,0,0,0,0,0,0,0,0,0,0:00,0,0:00,No,00:01.8,6,0,0:34:42,0:35:03,584,600
Running,11/29/2022 6:16,FALSE,Saginaw Running,9.01,988,1:04:51,0,0,166,176,7:12,6:25,15,15,1.35,0,0,0,0,0,0,0,0,0,0,0,0:00,0,0:00,No,00:02.8,10,0,1:04:49,1:04:54,584,600
Running,11/28/2022 6:19,FALSE,Saginaw Running,5,552,0:37:09,0,0,166,174,7:26,6:42,7,10,1.31,0,0,0,0,0,0,0,0,0,0,0,0:00,0,0:00,No,00:01.0,6,0,0:37:07,0:38:18,591,600
Running,11/23/2022 10:16,FALSE,Livingston County Running,4,442,0:29:26,0,0,166,188,7:21,6:51,266,268,1.32,0,0,0,0,0,0,0,0,0,0,0,0:00,0,0:00,No,00:01.6,5,0,0:29:25,0:29:26,933,"1,053"
Running,11/21/2022 7:21,FALSE,Saginaw Running,4,438,0:28:29,0,0,167,176,7:07,6:38,10,10,1.35,0,0,0,0,0,0,0,0,0,0,0,0:00,0,0:00,No,00:01.2,5,0,0:28:29,0:28:29,584,594
Treadmill Running,11/20/2022 16:59,FALSE,Treadmill Running,0.71,77,05:20.4,0,0,163,172,7:32,5:53,--,--,1.31,0,0,0,0,0,0,0,0,0,0,0,0:00,0,0:00,No,05:20.4,1,0,0:05:20,05:49.1,676,676
Running,11/20/2022 16:41,FALSE,Saginaw Running,2.01,217,0:13:31,0,0,169,180,6:44,5:57,--,--,1.41,0,0,0,0,0,0,0,0,0,0,0,0:00,0,0:00,No,00:01.3,3,0,0:13:31,0:14:00,594,597
Running,11/20/2022 9:59,FALSE,Saginaw Running,2,222,0:15:25,0,0,169,178,7:42,7:11,7,--,1.24,0,0,0,0,0,0,0,0,0,0,0,0:00,0,0:00,No,00:00.7,3,0,0:15:25,0:15:25,594,604
Running,11/19/2022 8:59,FALSE,Saginaw Running,5,549,0:36:53,0,0,171,203,7:22,4:25,10,10,1.28,0,0,0,0,0,0,0,0,0,0,0,0:00,0,0:00,No,00:01.1,6,0,0:36:53,0:37:15,591,604
Treadmill Running,11/18/2022 8:05,FALSE,Treadmill Running,5,557,0:37:42,0,0,163,173,7:32,5:09,--,--,1.31,0,0,0,0,0,0,0,0,0,0,0,0:00,0,0:00,No,00:02.1,6,0,0:37:41,0:41:18,--,--
Running,11/18/2022 7:47,FALSE,Missing Mileage from WU,0.75,79,0:05:00,0,0,--,--,6:40,--,--,--,0,0,0,0,0,0,0,0,0,0,0,0,0:00,0,0:00,No,05:00.0,1,0,0:00:00,0:05:00,--,--
Running,11/18/2022 7:20,FALSE,Saginaw Running,2.26,250,0:16:46,0,0,170,182,7:26,6:19,--,--,1.28,0,0,0,0,0,0,0,0,0,0,0,0:00,0,0:00,No,01:53.5,3,0,0:16:46,0:22:53,594,597
Running,11/17/2022 15:27,FALSE,Saginaw Running,4,437,0:27:28,0,0,168,176,6:52,6:09,--,--,1.4,0,0,0,0,0,0,0,0,0,0,0,0:00,0,0:00,No,00:01.4,5,0,0:27:28,0:27:28,591,600
Treadmill Running,11/17/2022 7:57,FALSE,Treadmill Running,2,221,0:14:42,0,0,166,173,7:20,5:15,--,--,1.32,0,0,0,0,0,0,0,0,0,0,0,0:00,0,0:00,No,00:01.4,3,0,0:14:42,0:14:42,581,581
Running,11/17/2022 7:25,FALSE,Saginaw Running,4,439,0:28:50,0,0,170,182,7:12,6:36,3,3,1.31,0,0,0,0,0,0,0,0,0,0,0,0:00,0,0:00,No,00:00.9,5,0,0:28:50,0:28:50,591,600
Treadmill Running,11/17/2022 7:05,FALSE,Treadmill Running,1.85,196,0:12:37,0,0,171,194,6:49,4:49,--,--,1.36,0,0,0,0,0,0,0,0,0,0,0,0:00,0,0:00,No,00:01.5,12,0,0:12:35,0:12:37,596,596
Running,11/17/2022 6:25,FALSE,Saginaw Running,3.01,331,0:22:16,0,0,171,190,7:24,6:37,--,--,1.27,0,0,0,0,0,0,0,0,0,0,0,0:00,0,0:00,No,00:03.0,4,0,0:22:15,0:22:20,594,597
Treadmill Running,11/16/2022 8:15,FALSE,Treadmill Running,2.01,221,0:14:37,0,0,165,224,7:17,5:21,--,--,1.34,0,0,0,0,0,0,0,0,0,0,0,0:00,0,0:00,No,00:02.0,3,0,0:14:36,0:14:44,615,615
Running,11/16/2022 7:28,FALSE,Saginaw Running,6,659,0:43:28,0,0,167,180,7:14,6:29,15,15,1.33,0,0,0,0,0,0,0,0,0,0,0,0:00,0,0:00,No,00:01.4,7,0,0:43:27,0:43:28,585,600
Running,11/15/2022 17:23,FALSE,Saginaw Running,3,329,0:21:03,0,0,169,176,7:01,6:31,7,7,1.36,0,0,0,0,0,0,0,0,0,0,0,0:00,0,0:00,No,00:01.2,4,0,0:21:03,0:21:03,591,600
Running,11/15/2022 7:59,FALSE,Saginaw Running,1,109,07:33.4,0,0,169,177,7:32,5:34,--,--,1.27,0,0,0,0,0,0,0,0,0,0,0,0:00,0,0:00,No,00:01.7,2,0,07:32.7,07:33.4,594,594
Treadmill Running,11/15/2022 7:44,FALSE,Treadmill Running,1,111,07:32.1,0,0,163,167,7:31,6:53,--,--,1.32,0,0,0,0,0,0,0,0,0,0,0,0:00,0,0:00,No,00:01.6,2,0,07:31.5,07:32.1,676,676
Treadmill Running,11/15/2022 7:11,FALSE,Treadmill Running,4.3,430,0:28:07,0,0,168,215,6:32,2:57,--,--,1.44,0,0,0,0,0,0,0,0,0,0,0,0:00,0,0:00,No,00:27.8,21,0,0:28:04,0:28:07,--,--
Running,11/15/2022 6:30,FALSE,Saginaw Running,3,332,0:22:09,0,0,167,174,7:23,6:09,--,--,1.31,0,0,0,0,0,0,0,0,0,0,0,0:00,0,0:00,No,00:01.0,4,0,0:22:08,0:23:39,594,597
Treadmill Running,11/14/2022 7:09,FALSE,Treadmill Running,1.01,109,06:39.5,0,0,166,173,6:36,6:13,--,--,1.47,0,0,0,0,0,0,0,0,0,0,0,0:00,0,0:00,No,00:01.5,2,0,06:39.5,06:39.5,615,615
Running,11/14/2022 6:19,FALSE,Saginaw Running,7,761,0:45:34,0,0,169,178,6:30,5:53,16,16,1.46,0,0,0,0,0,0,0,0,0,0,0,0:00,0,0:00,No,00:01.3,8,0,0:45:32,0:45:34,584,600
Running,11/13/2022 8:15,FALSE,Saginaw County Running,13.01,"1,421",1:26:34,0,0,168,188,6:39,5:07,18,18,1.44,0,0,0,0,0,0,0,0,0,0,0,0:00,0,0:00,No,00:01.8,14,0,1:26:32,1:26:37,582,607
Running,11/11/2022 6:31,FALSE,Saginaw Running,8,872,0:54:26,0,0,166,178,6:48,5:18,10,10,1.42,0,0,0,0,0,0,0,0,0,0,0,0:00,0,0:00,No,00:01.2,9,0,0:54:23,0:57:10,591,600
Treadmill Running,11/10/2022 13:01,FALSE,Treadmill Running,0.67,74,05:00.7,0,0,161,172,7:32,6:55,--,--,1.33,0,0,0,0,0,0,0,0,0,0,0,0:00,0,0:00,No,05:00.7,1,0,0:05:00,06:44.7,--,--
Running,11/7/2022 7:43,FALSE,Saginaw Running,5,551,0:37:07,0,0,166,174,7:25,6:30,3,3,1.31,0,0,0,0,0,0,0,0,0,0,0,0:00,0,0:00,No,00:01.3,6,0,0:37:06,0:37:12,591,600
Running,11/7/2022 6:18,FALSE,Saginaw Running,2,220,0:15:27,0,0,165,176,7:43,7:08,--,--,1.27,0,0,0,0,0,0,0,0,0,0,0,0:00,0,0:00,No,00:01.1,3,0,0:15:27,0:15:27,591,596
Running,11/6/2022 8:17,FALSE,Bay County Running,15.01,"1,636",1:43:57,0,0,168,180,6:56,5:36,36,36,1.38,0,0,0,0,0,0,0,0,0,0,0,0:00,0,0:00,No,00:01.6,16,0,1:43:54,1:46:04,624,663
Running,11/4/2022 9:35,FALSE,Huron Running,7.01,764,0:49:12,0,0,168,178,7:01,4:45,40,59,1.37,0,0,0,0,0,0,0,0,0,0,0,0:00,0,0:00,No,00:02.1,8,0,0:49:11,1:03:35,593,627
Running,11/3/2022 14:40,FALSE,Saginaw Running,5.01,546,0:34:58,0,0,168,239,6:59,5:11,20,20,1.37,0,0,0,0,0,0,0,0,0,0,0,0:00,0,0:00,No,00:01.7,6,0,0:34:57,0:37:39,594,617
Running,11/3/2022 7:21,FALSE,Saginaw Running,6,658,0:41:17,0,0,169,180,6:53,6:09,15,15,1.38,0,0,0,0,0,0,0,0,0,0,0,0:00,0,0:00,No,00:01.1,7,0,0:41:16,0:42:59,585,600
Running,11/3/2022 7:00,FALSE,Extra Mileage,0.5,49,0:04:00,0,0,--,--,8:00,--,--,--,0,0,0,0,0,0,0,0,0,0,0,0,0:00,0,0:00,No,04:00.0,1,0,0:00:00,0:04:00,--,--
Treadmill Running,11/3/2022 6:56,FALSE,Treadmill Running,1.56,139,0:10:43,0,0,162,215,6:54,2:50,--,--,1.42,0,0,0,0,0,0,0,0,0,0,0,0:00,0,0:00,No,00:27.4,15,0,0:10:00,0:10:43,--,--
Running,11/3/2022 6:23,FALSE,Saginaw Running,3.01,328,0:21:30,0,0,166,240,7:09,5:40,--,--,1.36,0,0,0,0,0,0,0,0,0,0,0,0:00,0,0:00,No,00:02.0,4,0,0:21:30,0:21:30,591,597
Running,11/2/2022 16:12,FALSE,Saginaw Running,11.01,"1,198",1:18:05,0,0,165,173,7:06,6:19,21,16,1.38,0,0,0,0,0,0,0,0,0,0,0,0:00,0,0:00,No,00:01.5,12,0,1:18:04,1:21:38,584,604
Running,11/1/2022 18:06,FALSE,Saginaw Running,3.34,364,0:23:32,0,0,165,173,7:03,6:25,7,8,1.38,0,0,0,0,0,0,0,0,0,0,0,0:00,0,0:00,No,02:14.7,4,0,0:23:31,0:30:13,591,600
Running,11/1/2022 7:39,FALSE,Saginaw Running,2,219,0:14:02,0,0,165,174,7:00,6:39,--,--,1.39,0,0,0,0,0,0,0,0,0,0,0,0:00,0,0:00,No,00:02.0,3,0,0:14:02,0:14:02,591,597
Treadmill Running,11/1/2022 6:48,FALSE,Treadmill Running,6.66,722,0:44:28,0,0,171,215,6:41,4:20,--,--,1.39,0,0,0,0,0,0,0,0,0,0,0,0:00,0,0:00,No,02:27.9,15,0,0:44:26,0:44:28,--,--
Running,11/1/2022 6:09,FALSE,Saginaw Running,3,329,0:21:56,0,0,166,173,7:18,6:54,3,--,1.33,0,0,0,0,0,0,0,0,0,0,0,0:00,0,0:00,No,00:01.8,4,0,0:21:55,0:21:56,594,597
Running,10/31/2022 7:45,FALSE,Saginaw Running,4,440,0:29:32,0,0,166,176,7:23,6:22,3,3,1.32,0,0,0,0,0,0,0,0,0,0,0,0:00,0,0:00,No,00:01.3,5,0,0:29:31,0:29:32,591,600
Running,10/31/2022 6:20,FALSE,Saginaw Running,2.01,222,0:15:25,0,0,166,176,7:41,6:13,--,--,1.26,0,0,0,0,0,0,0,0,0,0,0,0:00,0,0:00,No,00:02.1,3,0,0:15:25,0:17:17,594,597
Running,10/30/2022 8:16,FALSE,Frankenmuth Running,15.01,"1,634",1:37:15,0,0,170,183,6:29,5:32,172,171,1.46,0,0,0,0,0,0,0,0,0,0,0,0:00,0,0:00,No,00:01.6,16,0,1:37:10,1:37:39,604,646
Running,10/29/2022 10:20,FALSE,Saginaw Running,3.36,370,0:25:28,0,0,167,174,7:35,7:01,9,9,1.27,0,0,0,0,0,0,0,0,0,0,0,0:00,0,0:00,No,02:33.6,4,0,0:25:28,0:25:28,591,600
Running,10/28/2022 8:03,FALSE,Saginaw Running,3,329,0:22:29,0,0,167,173,7:29,6:28,--,--,1.29,0,0,0,0,0,0,0,0,0,0,0,0:00,0,0:00,No,00:01.2,4,0,0:22:29,0:22:29,591,594
Treadmill Running,10/28/2022 7:16,FALSE,Treadmill Running,4.67,496,0:32:25,0,0,172,198,6:57,4:42,--,--,1.33,0,0,0,0,0,0,0,0,0,0,0,0:00,0,0:00,No,01:05.1,19,0,0:32:22,0:32:25,626,626
Running,10/28/2022 6:31,FALSE,Saginaw Running,3,329,0:23:28,0,0,167,178,7:49,7:02,--,--,1.23,0,0,0,0,0,0,0,0,0,0,0,0:00,0,0:00,No,00:01.5,4,0,0:23:27,0:25:21,594,597
Running,10/27/2022 6:31,FALSE,Saginaw Running,8,883,0:58:59,0,0,169,180,7:22,5:27,16,16,1.29,0,0,0,0,0,0,0,0,0,0,0,0:00,0,0:00,No,00:01.6,9,0,0:58:56,1:01:43,591,604
Running,10/26/2022 7:26,FALSE,Saginaw Running,12,"1,330",1:30:16,0,0,168,231,7:31,6:01,41,41,1.28,0,0,0,0,0,0,0,0,0,0,0,0:00,0,0:00,No,00:01.4,13,0,1:30:14,1:36:26,581,601
Running,10/25/2022 18:29,FALSE,Saginaw Running,4,437,0:28:52,0,0,165,173,7:13,6:46,7,7,1.35,0,0,0,0,0,0,0,0,0,0,0,0:00,0,0:00,No,00:01.6,5,0,0:28:51,0:28:52,591,604
Running,10/25/2022 7:48,FALSE,Saginaw Running,3,329,0:22:33,0,0,167,179,7:30,4:05,3,--,1.29,0,0,0,0,0,0,0,0,0,0,0,0:00,0,0:00,No,00:01.9,4,0,0:22:33,0:26:18,591,597
Running,10/25/2022 7:09,FALSE,Saginaw Running,4.96,506,0:31:37,0,0,173,196,6:22,4:35,--,--,1.42,0,0,0,0,0,0,0,0,0,0,0,0:00,0,0:00,No,02:29.9,11,0,0:31:36,0:31:37,591,591
Running,10/25/2022 6:27,FALSE,Saginaw Running,3,330,0:21:58,0,0,165,174,7:19,6:09,--,--,1.33,0,0,0,0,0,0,0,0,0,0,0,0:00,0,0:00,No,00:01.8,4,0,0:21:57,0:22:19,591,600
Running,10/24/2022 7:35,FALSE,Saginaw Running,5,549,0:39:50,0,0,164,174,7:58,6:51,--,--,1.23,0,0,0,0,0,0,0,0,0,0,0,0:00,0,0:00,No,00:01.0,6,0,0:39:49,0:39:56,591,597
Running,10/24/2022 6:18,FALSE,Saginaw Running,2,221,0:15:39,0,0,165,171,7:49,7:21,--,--,1.25,0,0,0,0,0,0,0,0,0,0,0,0:00,0,0:00,No,00:01.6,3,0,0:15:39,0:16:02,594,597
Running,10/23/2022 8:17,FALSE,Saginaw County Running,14,"1,519",1:32:29,0,0,169,240,6:36,4:43,17,17,1.44,0,0,0,0,0,0,0,0,0,0,0,0:00,0,0:00,No,00:01.4,15,0,1:32:26,1:37:40,582,604
Running,10/22/2022 9:45,FALSE,Saginaw Running,4.01,440,0:29:25,0,0,166,173,7:21,6:32,20,20,1.32,0,0,0,0,0,0,0,0,0,0,0,0:00,0,0:00,No,00:02.2,5,0,0:29:24,0:29:35,594,617
Running,10/21/2022 15:12,FALSE,Saginaw Running,5.55,602,0:38:16,0,0,167,176,6:54,5:59,25,22,1.4,0,0,0,0,0,0,0,0,0,0,0,0:00,0,0:00,No,03:34.8,6,0,0:38:15,0:41:29,594,623
Running,10/21/2022 9:17,FALSE,Saginaw Running,3.01,330,0:24:24,0,0,165,173,8:07,7:22,3,3,1.2,0,0,0,0,0,0,0,0,0,0,0,0:00,0,0:00,No,00:02.2,4,0,0:24:23,0:31:21,594,597
Treadmill Running,10/21/2022 8:51,FALSE,Treadmill Running,1.02,101,0:10:10,0,0,159,207,9:59,3:57,--,--,0.99,0,0,0,0,0,0,0,0,0,0,0,0:00,0,0:00,No,00:31.1,7,0,0:10:09,0:10:10,--,--
Running,10/21/2022 8:27,FALSE,Extra Mileage,0.7,70,0:06:00,0,0,--,--,8:34,--,--,--,0,0,0,0,0,0,0,0,0,0,0,0,0:00,0,0:00,No,06:00.0,1,0,0:00:00,0:06:00,--,--
Running,10/21/2022 8:25,TRUE,600 TT,0.37,26,0:01:23,0,0,--,--,3:43,--,--,--,0,0,0,0,0,0,0,0,0,0,0,0,0:00,0,0:00,No,01:23.0,1,0,0:00:00,0:01:23,--,--
Running,10/21/2022 7:58,FALSE,Saginaw Running,2.62,286,0:19:25,0,0,166,174,7:24,6:31,--,--,1.31,0,0,0,0,0,0,0,0,0,0,0,0:00,0,0:00,No,04:31.4,3,0,0:19:24,0:21:25,594,597
Running,10/20/2022 6:26,FALSE,Saginaw Running,6,659,0:43:19,0,0,166,174,7:13,6:34,16,16,1.34,0,0,0,0,0,0,0,0,0,0,0,0:00,0,0:00,No,00:01.2,7,0,0:43:18,0:43:19,584,600
Running,10/19/2022 7:23,FALSE,Saginaw Running,10.6,"1,168",1:18:44,0,0,166,178,7:26,6:54,7,10,1.3,0,0,0,0,0,0,0,0,0,0,0,0:00,0,0:00,No,04:20.0,11,0,1:18:42,1:18:47,581,601
Running,10/18/2022 7:33,FALSE,Saginaw Running,3,327,0:21:52,0,0,168,178,7:17,6:45,--,--,1.32,0,0,0,0,0,0,0,0,0,0,0,0:00,0,0:00,No,00:01.7,4,0,0:21:51,0:28:24,591,597
Running,10/18/2022 7:12,FALSE,Saginaw Running,3.15,340,0:18:40,0,0,175,194,5:55,4:55,3,7,1.54,0,0,0,0,0,0,0,0,0,0,0,0:00,0,0:00,No,00:01.7,6,0,0:18:40,0:18:40,594,597
Running,10/18/2022 6:35,FALSE,Saginaw Running,3,330,0:21:56,0,0,168,178,7:18,6:43,3,3,1.31,0,0,0,0,0,0,0,0,0,0,0,0:00,0,0:00,No,00:01.8,4,0,0:21:55,0:21:56,594,597
Running,10/17/2022 7:25,FALSE,Saginaw Running,5,550,0:36:55,0,0,167,173,7:23,6:46,7,10,1.31,0,0,0,0,0,0,0,0,0,0,0,0:00,0,0:00,No,00:01.5,6,0,0:36:53,0:36:55,591,600
Running,10/17/2022 6:20,FALSE,Saginaw Running,2,221,0:15:26,0,0,163,173,7:42,7:12,--,--,1.28,0,0,0,0,0,0,0,0,0,0,0,0:00,0,0:00,No,00:01.3,3,0,0:15:26,0:15:26,594,597
Running,10/16/2022 8:16,FALSE,Bay County Running,15.01,"1,632",1:38:36,0,0,171,183,6:34,5:36,39,41,1.44,0,0,0,0,0,0,0,0,0,0,0,0:00,0,0:00,No,00:02.0,16,0,1:38:31,1:39:29,624,663
Running,10/14/2022 9:10,FALSE,Saginaw Running,6,666,0:45:59,0,0,167,174,7:40,6:51,7,10,1.26,0,0,0,0,0,0,0,0,0,0,0,0:00,0,0:00,No,00:01.4,7,0,0:45:58,0:46:30,584,600
Treadmill Running,10/14/2022 8:41,FALSE,Treadmill Running,2.35,214,0:17:08,0,0,160,240,7:18,2:29,--,--,1.37,0,0,0,0,0,0,0,0,0,0,0,0:00,0,0:00,No,00:13.8,16,0,0:16:58,0:17:08,--,--
Running,10/14/2022 7:56,FALSE,Saginaw Running,3.01,330,0:22:08,0,0,169,178,7:22,6:34,--,--,1.29,0,0,0,0,0,0,0,0,0,0,0,0:00,0,0:00,No,00:01.9,4,0,0:22:08,0:23:02,594,597
Running,10/13/2022 15:02,FALSE,Saginaw Running,8,880,0:57:55,0,0,165,174,7:14,6:12,16,16,1.35,0,0,0,0,0,0,0,0,0,0,0,0:00,0,0:00,No,00:01.5,9,0,0:57:55,0:59:20,584,600
Running,10/12/2022 7:22,FALSE,Saginaw Running,11,"1,202",1:17:43,0,0,167,176,7:04,5:34,22,22,1.36,0,0,0,0,0,0,0,0,0,0,0,0:00,0,0:00,No,00:01.0,12,0,1:17:42,1:18:44,584,604
Running,10/11/2022 18:00,FALSE,Saginaw Running,4.53,501,0:35:13,0,0,166,175,7:47,6:16,13,13,1.25,0,0,0,0,0,0,0,0,0,0,0,0:00,0,0:00,No,04:01.0,5,0,0:35:11,0:35:58,584,594
Running,10/11/2022 7:54,FALSE,Saginaw Running,2,220,0:14:41,0,0,168,177,7:20,6:42,--,3,1.31,0,0,0,0,0,0,0,0,0,0,0,0:00,0,0:00,No,00:01.3,3,0,0:14:41,0:16:50,594,597
Running,10/11/2022 7:07,FALSE,Saginaw Running,7.47,790,0:46:14,0,0,174,194,6:11,4:26,10,13,1.48,0,0,0,0,0,0,0,0,0,0,0,0:00,0,0:00,No,00:04.3,16,0,0:46:11,0:46:14,594,597
Running,10/11/2022 6:31,FALSE,Saginaw Running,3,330,0:21:54,0,0,167,176,7:17,6:47,3,3,1.32,0,0,0,0,0,0,0,0,0,0,0,0:00,0,0:00,No,00:01.4,4,0,0:21:53,0:21:54,594,597
Running,10/10/2022 7:26,FALSE,Saginaw Running,5,549,0:37:27,0,0,166,178,7:29,5:27,3,3,1.3,0,0,0,0,0,0,0,0,0,0,0,0:00,0,0:00,No,00:01.9,6,0,0:37:27,0:37:27,591,600
Running,10/10/2022 6:20,FALSE,Saginaw Running,2.01,221,0:15:33,0,0,166,174,7:45,7:16,--,--,1.25,0,0,0,0,0,0,0,0,0,0,0,0:00,0,0:00,No,00:01.9,3,0,0:15:33,0:15:38,594,597
Running,10/9/2022 8:13,FALSE,Saginaw County Running,14.01,"1,508",1:25:01,0,0,170,180,6:04,5:07,29,29,1.56,0,0,0,0,0,0,0,0,0,0,0,0:00,0,0:00,No,00:01.2,15,0,1:25:00,1:25:01,582,606
Running,10/7/2022 7:50,FALSE,Saginaw Running,3.01,332,0:23:38,0,0,166,176,7:51,6:47,3,--,1.23,0,0,0,0,0,0,0,0,0,0,0,0:00,0,0:00,No,00:02.1,4,0,0:23:36,0:32:04,591,597
Running,10/7/2022 7:13,FALSE,Saginaw Running,5.09,506,0:33:53,0,0,172,207,6:40,4:09,--,--,1.38,0,0,0,0,0,0,0,0,0,0,0,0:00,0,0:00,No,01:06.1,20,0,0:33:49,0:33:53,591,591
Running,10/7/2022 6:30,FALSE,Saginaw Running,3.01,332,0:23:32,0,0,165,176,7:50,7:20,36,--,1.24,0,0,0,0,0,0,0,0,0,0,0,0:00,0,0:00,No,00:01.9,4,0,0:23:31,0:24:04,558,597
Running,10/6/2022 6:13,FALSE,Saginaw Running,9,985,1:03:05,0,0,166,179,7:00,5:29,20,20,1.38,0,0,0,0,0,0,0,0,0,0,0,0:00,0,0:00,No,00:00.9,10,0,1:03:02,1:03:15,584,607
Running,10/5/2022 7:21,FALSE,Saginaw Running,12,"1,312",1:24:27,0,0,166,178,7:02,5:54,10,10,1.38,0,0,0,0,0,0,0,0,0,0,0,0:00,0,0:00,No,00:01.7,13,0,1:24:24,1:32:52,584,594
Running,10/4/2022 17:55,FALSE,Saginaw Running,5,545,0:33:01,0,0,167,178,6:36,6:01,13,13,1.47,0,0,0,0,0,0,0,0,0,0,0,0:00,0,0:00,No,00:01.8,6,0,0:33:00,0:33:01,584,600
Running,10/4/2022 7:33,FALSE,Saginaw Running,3.01,329,0:21:45,0,0,167,205,7:14,6:47,8,10,1.33,0,0,0,0,0,0,0,0,0,0,0,0:00,0,0:00,No,00:02.2,4,0,0:21:45,0:23:42,610,623
Running,10/4/2022 6:45,FALSE,Saginaw Running,7.01,744,0:47:48,0,0,173,215,6:49,4:36,26,20,1.34,0,0,0,0,0,0,0,0,0,0,0,0:00,0,0:00,No,03:06.8,15,0,0:47:27,0:47:48,610,620
Running,10/4/2022 5:58,FALSE,Saginaw Running,3,331,0:23:44,0,0,164,172,7:54,7:19,7,10,1.24,0,0,0,0,0,0,0,0,0,0,0,0:00,0,0:00,No,00:01.8,4,0,0:23:42,0:24:44,610,620
Running,10/3/2022 8:31,FALSE,Saginaw Running,4,441,0:29:27,0,0,166,173,7:21,6:22,7,7,1.31,0,0,0,0,0,0,0,0,0,0,0,0:00,0,0:00,No,00:01.7,5,0,0:29:25,0:29:42,591,600
Running,10/3/2022 7:18,FALSE,Saginaw Running,2.01,221,0:14:57,0,0,166,172,7:27,6:53,--,--,1.3,0,0,0,0,0,0,0,0,0,0,0,0:00,0,0:00,No,00:01.8,3,0,0:14:56,0:14:57,587,594
Running,10/2/2022 8:20,FALSE,Frankenmuth Running,14,"1,517",1:30:29,0,0,169,184,6:28,5:07,107,109,1.48,0,0,0,0,0,0,0,0,0,0,0,0:00,0,0:00,No,00:01.0,15,0,1:30:28,1:32:21,604,650
Running,9/30/2022 16:38,FALSE,Saginaw Running,3.27,356,0:23:18,0,0,166,175,7:08,6:09,7,8,1.36,0,0,0,0,0,0,0,0,0,0,0,0:00,0,0:00,No,01:52.4,4,0,0:23:17,0:23:18,591,600
Running,9/30/2022 9:08,FALSE,Saginaw Running,3.01,327,0:22:13,0,0,166,174,7:23,6:22,3,--,1.31,0,0,0,0,0,0,0,0,0,0,0,0:00,0,0:00,No,00:01.9,4,0,0:22:12,0:23:52,591,597
Running,9/30/2022 8:49,FALSE,Saginaw Running,1.22,102,0:12:41,0,0,133,208,10:23,3:22,--,3,1.19,0,0,0,0,0,0,0,0,0,0,0,0:00,0,0:00,No,00:27.6,8,0,0:12:40,0:14:35,591,594
Running,9/30/2022 8:06,FALSE,Saginaw Running,6.49,716,0:37:49,0,0,173,192,5:50,4:24,2,--,1.58,0,0,0,0,0,0,0,0,0,0,0,0:00,0,0:00,No,01:30.6,11,0,0:37:47,0:37:49,591,594
Running,9/30/2022 7:31,FALSE,Saginaw Running,3,327,0:21:55,0,0,166,177,7:18,6:43,--,--,1.33,0,0,0,0,0,0,0,0,0,0,0,0:00,0,0:00,No,00:01.4,4,0,0:21:54,0:22:01,594,597
Running,9/29/2022 6:17,FALSE,Saginaw Running,7,768,0:50:19,0,0,166,176,7:11,6:36,7,10,1.35,0,0,0,0,0,0,0,0,0,0,0,0:00,0,0:00,No,00:01.3,8,0,0:50:17,0:50:19,585,600
Running,9/28/2022 7:19,FALSE,Saginaw Running,11,"1,203",1:16:21,0,0,169,180,6:56,5:55,36,36,1.37,0,0,0,0,0,0,0,0,0,0,0,0:00,0,0:00,No,00:00.7,12,0,1:16:19,1:16:42,584,620
Running,9/27/2022 12:45,FALSE,Saginaw Running,3.11,338,0:22:04,0,0,167,175,7:06,6:47,3,3,1.35,0,0,0,0,0,0,0,0,0,0,0,0:00,0,0:00,No,00:43.2,4,0,0:22:03,0:22:04,594,597
Running,9/27/2022 7:20,FALSE,Saginaw Running,3.88,402,0:28:10,0,0,161,223,7:15,2:47,--,3,1.39,0,0,0,0,0,0,0,0,0,0,0,0:00,0,0:00,No,00:04.2,15,0,0:28:07,0:38:39,591,597
Running,9/27/2022 6:41,FALSE,Saginaw Running,6.01,661,0:33:20,0,0,177,190,5:33,4:32,10,10,1.64,0,0,0,0,0,0,0,0,0,0,0,0:00,0,0:00,No,00:02.2,7,0,0:33:19,0:33:20,594,597
Running,9/27/2022 6:09,FALSE,Saginaw Running,3.01,330,0:21:49,0,0,169,180,7:16,5:35,3,--,1.31,0,0,0,0,0,0,0,0,0,0,0,0:00,0,0:00,No,00:01.7,4,0,0:21:49,0:21:58,594,597
Running,9/26/2022 7:24,FALSE,Saginaw Running,9.01,986,1:04:03,0,0,169,182,7:07,5:50,16,16,1.34,0,0,0,0,0,0,0,0,0,0,0,0:00,0,0:00,No,00:01.9,10,0,1:04:01,1:04:03,585,604
Running,9/25/2022 8:21,FALSE,Saginaw County Running,15,"1,626",1:37:28,0,0,170,181,6:30,5:48,29,29,1.45,0,0,0,0,0,0,0,0,0,0,0,0:00,0,0:00,No,00:01.4,16,0,1:37:25,1:38:21,582,605
Running,9/24/2022 11:52,FALSE,Saginaw Running,5,550,0:36:55,0,0,166,173,7:23,6:37,16,16,1.32,0,0,0,0,0,0,0,0,0,0,0,0:00,0,0:00,No,00:01.7,6,0,0:36:53,0:36:55,584,600
Running,9/23/2022 16:46,FALSE,Saginaw Running,4.56,499,0:32:40,0,0,165,174,7:10,6:32,7,7,1.36,0,0,0,0,0,0,0,0,0,0,0,0:00,0,0:00,No,03:50.1,5,0,0:32:39,0:32:50,587,600
Running,9/23/2022 8:05,FALSE,Saginaw Running,3,330,0:22:13,0,0,168,177,7:24,3:49,3,--,1.3,0,0,0,0,0,0,0,0,0,0,0,0:00,0,0:00,No,00:01.8,4,0,0:22:11,0:22:35,591,597
Running,9/23/2022 7:47,FALSE,Saginaw Running,1.27,114,0:12:15,0,0,139,200,9:37,3:38,--,3,1.21,0,0,0,0,0,0,0,0,0,0,0,0:00,0,0:00,No,00:27.9,8,0,0:12:14,0:12:53,591,594
Running,9/23/2022 7:06,FALSE,Saginaw Running,6.55,716,0:37:47,0,0,175,200,5:46,4:43,7,6,1.58,0,0,0,0,0,0,0,0,0,0,0,0:00,0,0:00,No,00:09.3,12,0,0:37:45,0:37:47,591,594
Running,9/23/2022 6:30,FALSE,Saginaw Running,3,331,0:22:48,0,0,167,179,7:36,6:22,--,--,1.27,0,0,0,0,0,0,0,0,0,0,0,0:00,0,0:00,No,00:01.1,4,0,0:22:48,0:22:48,592,597
Running,9/22/2022 7:05,FALSE,Saginaw Running,5,550,0:37:09,0,0,166,176,7:26,6:09,10,5,1.31,0,0,0,0,0,0,0,0,0,0,0,0:00,0,0:00,No,00:01.0,6,0,0:37:08,0:37:36,584,600
Running,9/21/2022 7:21,FALSE,Saginaw Running,13,"1,427",1:33:53,0,0,166,177,7:13,5:51,20,22,1.35,0,0,0,0,0,0,0,0,0,0,0,0:00,0,0:00,No,00:00.7,14,0,1:33:49,1:38:25,581,606
Running,9/20/2022 12:48,FALSE,Saginaw Running,5,549,0:36:03,0,0,165,174,7:13,6:10,358,377,1.35,0,0,0,0,0,0,0,0,0,0,0,0:00,0,0:00,No,00:01.0,6,0,0:36:02,0:36:16,557,641
Running,9/20/2022 7:34,FALSE,Saginaw Running,3,329,0:20:03,0,0,167,173,6:41,6:20,141,141,1.44,0,0,0,0,0,0,0,0,0,0,0,0:00,0,0:00,No,00:01.4,4,0,0:20:03,0:20:03,596,644
Running,9/20/2022 7:21,FALSE,Saginaw Running,0.88,86,06:02.8,0,0,167,207,6:51,3:48,56,59,1.4,0,0,0,0,0,0,0,0,0,0,0,0:00,0,0:00,No,00:16.8,12,0,06:00.6,06:02.8,606,635
Running,9/20/2022 6:39,FALSE,Saginaw Running,6.73,719,0:40:08,0,0,173,194,5:58,4:50,407,387,1.55,0,0,0,0,0,0,0,0,0,0,0,0:00,0,0:00,No,00:09.8,19,0,0:39:41,0:40:08,577,652
Running,9/20/2022 6:00,FALSE,Saginaw Running,3,334,0:23:16,0,0,164,171,7:45,6:42,220,259,1.26,0,0,0,0,0,0,0,0,0,0,0,0:00,0,0:00,No,00:01.6,4,0,0:23:16,0:23:16,591,665
Running,9/18/2022 8:17,FALSE,Bay County Running,15,"1,627",1:37:01,0,0,170,179,6:28,5:51,"1,007","1,040",1.47,0,0,0,0,0,0,0,0,0,0,0,0:00,0,0:00,No,00:00.9,16,0,1:36:58,1:37:01,587,712
Running,9/17/2022 9:11,FALSE,Livingston County Running,3.65,402,0:26:51,0,0,167,176,7:22,6:57,152,151,1.31,0,0,0,0,0,0,0,0,0,0,0,0:00,0,0:00,No,04:38.8,4,0,0:26:50,0:26:51,960,"1,055"
Running,9/16/2022 17:08,FALSE,Livingston County Running,5.01,551,0:36:46,0,0,165,175,7:21,6:50,293,289,1.32,0,0,0,0,0,0,0,0,0,0,0,0:00,0,0:00,No,00:01.3,6,0,0:36:46,0:36:46,932,"1,055"
Running,9/16/2022 7:42,FALSE,Saginaw Running,3,326,0:20:44,0,0,169,175,6:54,6:25,--,3,1.38,0,0,0,0,0,0,0,0,0,0,0,0:00,0,0:00,No,00:01.1,4,0,0:20:43,0:22:30,591,597
Running,9/16/2022 7:02,FALSE,Saginaw Running,6.2,680,0:36:15,0,0,175,190,5:51,4:36,10,10,1.57,0,0,0,0,0,0,0,0,0,0,0,0:00,0,0:00,No,01:00.1,24,0,0:36:12,0:36:15,594,597
Running,9/16/2022 6:28,FALSE,Saginaw Running,3.01,332,0:23:06,0,0,167,176,7:41,6:32,3,--,1.25,0,0,0,0,0,0,0,0,0,0,0,0:00,0,0:00,No,00:01.9,4,0,0:23:05,0:28:09,594,597
Running,9/15/2022 15:04,FALSE,Saginaw Running,5.01,549,0:36:11,0,0,165,173,7:14,6:44,11,13,1.35,0,0,0,0,0,0,0,0,0,0,0,0:00,0,0:00,No,00:01.3,6,0,0:36:09,0:36:11,584,600
Running,9/15/2022 6:20,FALSE,Saginaw Running,10.01,"1,092",1:10:25,0,0,166,177,7:02,5:46,23,32,1.37,0,0,0,0,0,0,0,0,0,0,0,0:00,0,0:00,No,00:01.3,11,0,1:10:23,1:11:25,591,618
Running,9/14/2022 7:20,FALSE,Saginaw Running,13,"1,424",1:32:24,0,0,167,181,7:06,5:11,28,31,1.36,0,0,0,0,0,0,0,0,0,0,0,0:00,0,0:00,No,00:01.3,14,0,1:32:22,1:36:12,581,602
Running,9/13/2022 12:56,FALSE,Saginaw Running,3.03,331,0:20:33,0,0,167,176,6:47,6:13,3,3,1.42,0,0,0,0,0,0,0,0,0,0,0,0:00,0,0:00,No,00:10.0,4,0,0:20:32,0:24:05,594,597
Running,9/13/2022 12:34,FALSE,Saginaw Running,3.01,326,0:17:14,0,0,173,180,5:44,5:12,3,7,1.62,0,0,0,0,0,0,0,0,0,0,0,0:00,0,0:00,No,00:01.5,4,0,0:17:14,0:17:14,594,597
Running,9/13/2022 12:05,FALSE,Saginaw Running,3.01,325,0:21:15,0,0,167,177,7:04,6:40,3,--,1.37,0,0,0,0,0,0,0,0,0,0,0,0:00,0,0:00,No,00:01.7,4,0,0:21:15,0:21:23,594,597
Running,9/11/2022 8:18,FALSE,Saginaw County Running,12.09,"1,320",1:19:57,0,0,168,188,6:37,5:53,18,21,1.45,0,0,0,0,0,0,0,0,0,0,0,0:00,0,0:00,No,00:36.7,13,0,1:19:55,1:19:57,584,605
Running,9/9/2022 14:24,FALSE,Saginaw Running,5.32,583,0:39:03,0,0,166,178,7:21,6:32,10,10,1.32,0,0,0,0,0,0,0,0,0,0,0,0:00,0,0:00,No,02:15.7,6,0,0:39:02,0:39:45,584,599
Running,9/9/2022 7:47,FALSE,Saginaw Running,3,330,0:24:25,0,0,166,176,8:08,7:20,--,--,1.2,0,0,0,0,0,0,0,0,0,0,0,0:00,0,0:00,No,00:01.2,4,0,0:24:25,0:26:58,591,600
Running,9/9/2022 7:04,FALSE,Saginaw Running,5.36,564,0:33:02,0,0,173,198,6:10,4:41,3,5,1.48,0,0,0,0,0,0,0,0,0,0,0,0:00,0,0:00,No,01:58.6,13,0,0:32:59,0:33:02,591,594
Running,9/9/2022 6:30,FALSE,Saginaw Running,3,331,0:22:45,0,0,166,177,7:34,7:05,--,--,1.28,0,0,0,0,0,0,0,0,0,0,0,0:00,0,0:00,No,00:01.5,4,0,0:22:45,0:22:54,593,597
Running,9/8/2022 6:19,FALSE,Saginaw Running,9,988,1:04:42,0,0,165,176,7:11,5:45,19,19,1.36,0,0,0,0,0,0,0,0,0,0,0,0:00,0,0:00,No,00:00.8,10,0,1:04:40,1:05:19,584,607
Running,9/7/2022 7:19,FALSE,Saginaw Running,12,"1,319",1:26:47,0,0,165,176,7:14,5:38,24,24,1.35,0,0,0,0,0,0,0,0,0,0,0,0:00,0,0:00,No,00:01.3,13,0,1:26:46,1:30:53,581,600
Running,9/6/2022 7:49,FALSE,Saginaw Running,3.3,350,0:24:22,0,0,164,231,7:23,3:01,--,3,1.31,0,0,0,0,0,0,0,0,0,0,0,0:00,0,0:00,No,00:01.1,8,0,0:24:21,0:32:51,591,600
Running,9/6/2022 7:09,FALSE,Saginaw Running,6.01,653,0:33:54,0,0,176,191,5:39,4:52,10,10,1.62,0,0,0,0,0,0,0,0,0,0,0,0:00,0,0:00,No,00:01.3,7,0,0:33:52,0:33:54,594,597
Running,9/6/2022 6:34,FALSE,Saginaw Running,3,331,0:22:54,0,0,165,177,7:38,6:37,3,--,1.28,0,0,0,0,0,0,0,0,0,0,0,0:00,0,0:00,No,00:01.0,4,0,0:22:53,0:23:22,594,597
Running,9/5/2022 9:26,FALSE,Saginaw Running,10,"1,102",1:12:53,0,0,166,176,7:17,6:54,26,26,1.33,0,0,0,0,0,0,0,0,0,0,0,0:00,0,0:00,No,00:01.7,11,0,1:12:52,1:15:56,584,606
Running,9/4/2022 8:27,FALSE,Frankenmuth Running,15.01,"1,631",1:37:24,0,0,170,191,6:29,5:46,215,212,1.46,0,0,0,0,0,0,0,0,0,0,0,0:00,0,0:00,No,00:01.5,16,0,1:37:21,1:37:32,604,650
Running,9/3/2022 10:43,FALSE,Saginaw Running,9,997,1:07:28,0,0,165,174,7:30,6:58,26,23,1.3,0,0,0,0,0,0,0,0,0,0,0,0:00,0,0:00,No,00:01.1,10,0,1:07:27,1:13:51,594,620
Running,9/2/2022 7:34,FALSE,Saginaw Running,5,555,0:38:33,0,0,165,173,7:42,6:53,3,3,1.27,0,0,0,0,0,0,0,0,0,0,0,0:00,0,0:00,No,00:01.2,6,0,0:38:32,0:38:33,591,597
Running,9/2/2022 7:00,FALSE,2mi Time Trial,2,205,0:10:47,0,0,--,--,5:23,--,--,--,0,0,0,0,0,0,0,0,0,0,0,0,0:00,0,0:00,No,10:46.1,1,0,0:00:00,0:10:47,--,--
Running,9/2/2022 6:32,FALSE,Saginaw Running,3,326,0:21:45,0,0,165,175,7:14,6:32,--,--,1.34,0,0,0,0,0,0,0,0,0,0,0,0:00,0,0:00,No,00:01.5,4,0,0:21:44,0:26:11,591,597
Running,9/1/2022 6:22,FALSE,Saginaw Running,9,986,1:03:08,0,0,165,173,7:01,6:24,14,14,1.39,0,0,0,0,0,0,0,0,0,0,0,0:00,0,0:00,No,00:01.2,10,0,1:03:07,1:03:08,584,604
Running,8/31/2022 7:20,FALSE,Saginaw Running,12,"1,314",1:23:43,0,0,167,178,6:58,5:42,16,16,1.38,0,0,0,0,0,0,0,0,0,0,0,0:00,0,0:00,No,00:01.4,13,0,1:23:41,1:26:00,576,604
Running,8/30/2022 13:16,FALSE,Saginaw Running,11.01,"1,191",1:12:25,0,0,167,179,6:35,5:41,16,16,1.46,0,0,0,0,0,0,0,0,0,0,0,0:00,0,0:00,No,00:00.9,12,0,1:12:21,1:13:52,584,607
Running,8/29/2022 7:30,FALSE,Saginaw Running,9,981,1:03:39,0,0,167,176,7:04,6:28,29,29,1.36,0,0,0,0,0,0,0,0,0,0,0,0:00,0,0:00,No,00:00.8,10,0,1:03:38,1:07:43,584,606
Running,8/28/2022 8:28,FALSE,Saginaw County Running,15,"1,627",1:38:04,0,0,171,178,6:32,5:51,27,27,1.44,0,0,0,0,0,0,0,0,0,0,0,0:00,0,0:00,No,00:01.1,16,0,1:38:01,1:38:35,582,605
Running,8/27/2022 18:35,FALSE,Saginaw Running,5.5,606,0:40:26,0,0,165,174,7:21,7:02,13,13,1.32,0,0,0,0,0,0,0,0,0,0,0,0:00,0,0:00,No,03:35.3,6,0,0:40:25,0:40:26,584,604
Running,8/27/2022 9:58,FALSE,Saginaw Running,10.33,"1,127",1:14:14,0,0,164,175,7:11,6:01,16,16,1.36,0,0,0,0,0,0,0,0,0,0,0,0:00,0,0:00,No,02:15.1,11,0,1:14:12,1:20:15,581,599
Running,8/26/2022 7:30,FALSE,Saginaw Running,1,108,07:37.0,0,0,163,171,7:36,6:45,--,--,1.3,0,0,0,0,0,0,0,0,0,0,0,0:00,0,0:00,No,00:00.9,2,0,07:34.9,0:13:05,591,591
Running,8/26/2022 6:35,FALSE,Saginaw Running,8,865,0:51:09,0,0,169,181,6:23,5:32,20,23,1.49,0,0,0,0,0,0,0,0,0,0,0,0:00,0,0:00,No,00:01.3,9,0,0:51:08,0:53:17,584,600
Running,8/25/2022 8:20,FALSE,Otsego County Running,11,"1,201",1:20:43,0,0,165,182,7:20,5:34,462,481,1.33,0,0,0,0,0,0,0,0,0,0,0,0:00,0,0:00,No,00:01.0,12,0,1:20:41,1:27:54,"1,262","1,391"
Running,8/24/2022 10:47,FALSE,Otsego County Running,1,107,08:46.4,0,0,164,174,8:45,7:42,--,112,1.12,0,0,0,0,0,0,0,0,0,0,0,0:00,0,0:00,No,00:01.4,2,0,08:46.0,09:12.5,"1,276","1,402"
Running,8/24/2022 10:09,FALSE,Otsego County Running,4.15,447,0:27:40,0,0,168,192,6:40,4:46,179,149,1.44,0,0,0,0,0,0,0,0,0,0,0,0:00,0,0:00,No,00:15.0,10,0,0:27:39,0:28:12,"1,257","1,409"
Running,8/24/2022 9:31,FALSE,Otsego County Running,3.01,328,0:21:09,0,0,167,178,7:02,6:18,177,149,1.37,0,0,0,0,0,0,0,0,0,0,0,0:00,0,0:00,No,00:01.9,4,0,0:21:08,0:21:17,"1,276","1,401"
Running,8/23/2022 15:24,FALSE,Otsego County Running,11,"1,204",1:19:56,0,0,166,182,7:16,6:30,376,380,1.34,0,0,0,0,0,0,0,0,0,0,0,0:00,0,0:00,No,00:01.0,12,0,1:19:55,1:20:48,"1,289","1,498"
Running,8/22/2022 9:01,FALSE,Fenton Running,15,"1,630",1:40:09,0,0,166,175,6:40,5:46,120,119,1.46,0,0,0,0,0,0,0,0,0,0,0,0:00,0,0:00,No,00:01.1,16,0,1:40:07,1:49:52,870,932
Running,8/20/2022 10:18,FALSE,Grand Blanc Running,8,881,0:59:12,0,0,164,173,7:24,6:36,158,161,1.33,0,0,0,0,0,0,0,0,0,0,0,0:00,0,0:00,No,00:00.9,9,0,0:59:11,1:08:12,867,922
Running,8/19/2022 10:59,FALSE,Fenton Running,9,976,1:03:17,0,0,164,171,7:02,6:36,52,56,1.4,0,0,0,0,0,0,0,0,0,0,0,0:00,0,0:00,No,00:01.5,10,0,1:03:15,1:18:34,870,933
Running,8/18/2022 14:43,FALSE,Oakland County Running,6.01,649,0:43:39,0,0,168,183,7:16,5:46,317,307,1.31,0,0,0,0,0,0,0,0,0,0,0,0:00,0,0:00,No,00:01.6,7,0,0:43:38,0:47:56,981,"1,115"
Running,8/18/2022 9:24,FALSE,Oakland County Running,6.01,647,0:40:49,0,0,167,182,6:48,5:54,312,295,1.42,0,0,0,0,0,0,0,0,0,0,0,0:00,0,0:00,No,00:01.4,7,0,0:40:49,0:46:19,981,"1,106"
Running,8/18/2022 9:04,FALSE,Oakland County Running,3,320,0:17:54,0,0,173,193,5:58,4:49,194,197,1.56,0,0,0,0,0,0,0,0,0,0,0,0:00,0,0:00,No,00:00.6,4,0,0:17:54,0:17:54,981,"1,086"
Running,8/18/2022 8:43,FALSE,Oakland County Running,1,105,08:00.2,0,0,165,174,7:58,7:32,--,33,1.22,0,0,0,0,0,0,0,0,0,0,0,0:00,0,0:00,No,00:01.8,2,0,08:00.2,08:00.2,"1,008","1,058"
Running,8/17/2022 8:54,FALSE,Oakland County Running,8,865,0:56:45,0,0,168,178,7:05,6:13,455,433,1.35,0,0,0,0,0,0,0,0,0,0,0,0:00,0,0:00,No,00:01.3,9,0,0:56:44,1:04:31,"1,014","1,130"
Running,8/16/2022 11:42,FALSE,Oakland County Running,11.01,"1,193",1:18:55,0,0,167,184,7:10,6:10,522,530,1.35,0,0,0,0,0,0,0,0,0,0,0,0:00,0,0:00,No,00:02.0,12,0,1:18:52,1:40:29,"1,009","1,183"
Running,8/15/2022 18:17,FALSE,Grand Blanc Running,8,877,0:57:37,0,0,165,240,7:12,5:38,62,65,1.36,0,0,0,0,0,0,0,0,0,0,0,0:00,0,0:00,No,00:01.6,9,0,0:57:35,0:58:41,830,861
Running,8/12/2022 10:24,FALSE,Saginaw Running,10.01,"1,079",1:07:17,0,0,168,184,6:43,4:59,20,20,1.42,0,0,0,0,0,0,0,0,0,0,0,0:00,0,0:00,No,00:30.2,27,0,1:07:13,1:10:15,584,604
Running,8/11/2022 7:56,FALSE,Saginaw Running,12.01,"1,314",1:24:00,0,0,166,240,7:00,5:27,23,23,1.38,0,0,0,0,0,0,0,0,0,0,0,0:00,0,0:00,No,00:02.0,13,0,1:23:57,1:32:52,604,633
Running,8/10/2022 8:11,FALSE,Saginaw Running,13.01,"1,421",1:29:49,0,0,167,177,6:54,6:23,32,32,1.4,0,0,0,0,0,0,0,0,0,0,0,0:00,0,0:00,No,00:01.5,14,0,1:29:47,1:34:59,581,602
Running,8/7/2022 5:37,FALSE,Livingston County Running,15,"1,639",1:42:30,0,0,170,178,6:50,6:01,250,242,1.39,0,0,0,0,0,0,0,0,0,0,0,0:00,0,0:00,No,00:00.8,16,0,1:42:27,1:49:25,855,961
Running,8/6/2022 10:19,FALSE,Grand Blanc Running,8,880,0:59:34,0,0,167,176,7:27,6:50,155,158,1.3,0,0,0,0,0,0,0,0,0,0,0,0:00,0,0:00,No,00:01.7,9,0,0:59:32,1:13:44,868,922
Running,8/5/2022 20:19,FALSE,Livingston County Running,3,327,0:20:57,0,0,168,180,6:59,6:39,192,190,1.37,0,0,0,0,0,0,0,0,0,0,0,0:00,0,0:00,No,00:01.1,4,0,0:20:57,0:20:57,931,"1,051"
Running,8/5/2022 11:53,FALSE,Saginaw Running,10,"1,085",1:06:31,0,0,168,182,6:39,5:46,20,20,1.44,0,0,0,0,0,0,0,0,0,0,0,0:00,0,0:00,No,00:01.0,11,0,1:06:29,1:15:47,584,605
Running,8/3/2022 7:06,FALSE,Fenton Running,12,"1,315",1:24:02,0,0,167,178,7:00,6:10,156,148,1.37,0,0,0,0,0,0,0,0,0,0,0,0:00,0,0:00,No,00:01.3,13,0,1:24:00,1:26:18,843,919
Running,8/2/2022 20:02,FALSE,Grand Blanc Running,4,444,0:30:56,0,0,164,173,7:44,7:12,30,28,1.27,0,0,0,0,0,0,0,0,0,0,0,0:00,0,0:00,No,00:01.4,5,0,0:30:55,0:30:56,823,863
Running,8/2/2022 7:12,FALSE,Fenton Running,11.01,"1,210",1:21:31,0,0,168,178,7:24,6:47,412,412,1.3,0,0,0,0,0,0,0,0,0,0,0,0:00,0,0:00,No,00:01.2,12,0,1:21:29,1:31:24,899,"1,071"
Running,8/1/2022 7:12,FALSE,Genesee County Running,10.01,"1,101",1:12:51,0,0,167,178,7:17,6:49,168,174,1.33,0,0,0,0,0,0,0,0,0,0,0,0:00,0,0:00,No,00:02.1,11,0,1:12:49,1:12:55,837,901
Running,7/31/2022 8:06,FALSE,Grand Blanc Running,14.01,"1,519",1:30:33,0,0,170,240,6:28,5:48,262,265,1.47,0,0,0,0,0,0,0,0,0,0,0,0:00,0,0:00,No,00:01.4,15,0,1:30:31,1:39:02,864,943
Running,7/30/2022 10:16,FALSE,Grand Blanc Running,11.01,"1,213",1:19:42,0,0,167,180,7:14,6:06,169,161,1.33,0,0,0,0,0,0,0,0,0,0,0,0:00,0,0:00,No,00:01.5,12,0,1:19:40,1:28:38,868,922
Running,7/29/2022 10:28,FALSE,Saginaw County Running,12,"1,315",1:24:39,0,0,168,178,7:03,6:19,31,31,1.36,0,0,0,0,0,0,0,0,0,0,0,0:00,0,0:00,No,00:01.2,13,0,1:24:35,1:29:28,582,605
Running,7/28/2022 18:09,FALSE,Saginaw Running,4,444,0:29:41,0,0,166,173,7:25,6:41,7,7,1.31,0,0,0,0,0,0,0,0,0,0,0,0:00,0,0:00,No,00:01.9,5,0,0:29:40,0:30:31,594,604
Running,7/28/2022 11:58,FALSE,Saginaw Running,12,"1,307",1:25:32,0,0,165,174,7:08,6:02,39,39,1.37,0,0,0,0,0,0,0,0,0,0,0,0:00,0,0:00,No,00:01.1,13,0,1:25:29,1:31:16,584,627
Running,7/26/2022 14:18,FALSE,Livingston County Running,12,"1,309",1:24:13,0,0,167,180,7:01,5:30,392,392,1.37,0,0,0,0,0,0,0,0,0,0,0,0:00,0,0:00,No,00:01.2,13,0,1:24:08,1:27:17,889,"1,113"
Running,7/25/2022 6:30,FALSE,Fenton Running,15,"1,643",1:43:12,0,0,167,177,6:53,6:03,187,187,1.4,0,0,0,0,0,0,0,0,0,0,0,0:00,0,0:00,No,00:00.9,16,0,1:43:09,1:43:23,827,909
Running,7/23/2022 10:15,FALSE,Grand Blanc Running,10,"1,093",1:12:34,0,0,166,174,7:15,6:35,191,186,1.34,0,0,0,0,0,0,0,0,0,0,0,0:00,0,0:00,No,00:01.2,11,0,1:12:33,1:18:30,867,922
Running,7/22/2022 20:07,FALSE,Genesee County Running,4,435,0:27:46,0,0,169,176,6:56,6:34,66,66,1.38,0,0,0,0,0,0,0,0,0,0,0,0:00,0,0:00,No,00:01.6,5,0,0:27:45,0:27:46,867,922
Running,7/22/2022 10:32,FALSE,Saginaw Running,12,"1,311",1:24:45,0,0,167,182,7:04,5:08,23,23,1.37,0,0,0,0,0,0,0,0,0,0,0,0:00,0,0:00,No,00:01.1,13,0,1:24:43,1:26:04,584,604
Running,7/20/2022 6:41,FALSE,Oakland County Running,12,"1,311",1:24:34,0,0,169,180,7:03,6:22,330,352,1.35,0,0,0,0,0,0,0,0,0,0,0,0:00,0,0:00,No,00:00.7,13,0,1:24:31,1:29:47,900,"1,010"
Running,7/19/2022 7:24,FALSE,Saginaw County Running,11,"1,195",1:16:55,0,0,167,176,6:59,6:34,19,19,1.38,0,0,0,0,0,0,0,0,0,0,0,0:00,0,0:00,No,00:01.1,12,0,1:16:54,1:20:11,582,600
Running,7/18/2022 8:11,FALSE,Saginaw Running,9.01,980,1:03:12,0,0,170,236,7:01,6:25,26,23,1.35,0,0,0,0,0,0,0,0,0,0,0,0:00,0,0:00,No,00:01.7,10,0,1:03:11,1:11:05,604,633
Running,7/17/2022 12:21,FALSE,Livingston County Running,12.02,"1,311",1:26:19,0,0,167,200,7:11,6:26,412,465,1.34,0,0,0,0,0,0,0,0,0,0,0,0:00,0,0:00,No,00:09.4,13,0,1:26:14,1:42:16,900,"1,093"
Running,7/16/2022 10:11,FALSE,Grand Blanc Running,9,986,1:05:08,0,0,168,178,7:14,6:32,159,153,1.33,0,0,0,0,0,0,0,0,0,0,0,0:00,0,0:00,No,00:00.9,10,0,1:05:06,1:10:15,867,922
Running,7/14/2022 18:13,FALSE,Grand Blanc Running,5,552,0:38:34,0,0,165,177,7:43,6:56,74,74,1.26,0,0,0,0,0,0,0,0,0,0,0,0:00,0,0:00,No,00:00.9,6,0,0:38:33,0:42:01,808,853
Running,7/14/2022 8:13,FALSE,Saginaw Running,9,981,1:03:26,0,0,168,186,7:03,6:25,16,16,1.36,0,0,0,0,0,0,0,0,0,0,0,0:00,0,0:00,No,00:01.2,10,0,1:03:24,1:05:00,584,604
Running,7/13/2022 7:03,FALSE,Saginaw Running,12,"1,306",1:24:24,0,0,168,183,7:02,6:19,55,56,1.36,0,0,0,0,0,0,0,0,0,0,0,0:00,0,0:00,No,00:01.1,13,0,1:24:22,1:27:01,590,630
Running,7/12/2022 8:38,FALSE,Saginaw Running,11.01,"1,227",1:15:41,0,0,168,177,6:53,5:59,26,26,1.39,0,0,0,0,0,0,0,0,0,0,0,0:00,0,0:00,No,00:01.6,12,0,1:15:35,1:17:59,584,617
Running,7/10/2022 9:10,FALSE,Mackinac Island Running,14,"1,530",1:34:22,0,0,167,173,6:44,6:09,310,306,1.43,0,0,0,0,0,0,0,0,0,0,0,0:00,0,0:00,No,00:01.3,15,0,1:34:19,1:43:08,580,684
Cycling,7/9/2022 13:02,FALSE,Mackinac Island Cycling,16.6,812,4:10:58,0,0,--,--,4,19.2,494,498,0,0,0,0,0,0,0,0,0,0,0,0,0:00,0,0:00,No,39:20.8,4,0,3:32:08,4:10:58,580,900
Running,7/9/2022 8:02,FALSE,Mackinac Island Running,8,859,0:50:17,0,0,169,176,6:17,5:48,164,154,1.51,0,0,0,0,0,0,0,0,0,0,0,0:00,0,0:00,No,00:01.6,9,0,0:50:15,0:50:17,580,654
Running,7/8/2022 6:48,FALSE,Marion Running,11,"1,201",1:18:46,0,0,167,176,7:09,6:17,194,208,1.35,0,0,0,0,0,0,0,0,0,0,0,0:00,0,0:00,No,00:01.5,12,0,1:18:44,1:18:46,"1,099","1,173"
Running,7/7/2022 10:02,FALSE,Saginaw Running,10,"1,094",1:07:01,0,0,168,179,6:42,6:09,16,16,1.43,0,0,0,0,0,0,0,0,0,0,0,0:00,0,0:00,No,00:00.6,11,0,1:06:59,1:08:11,584,604
Running,7/6/2022 8:40,FALSE,Saginaw Running,11,"1,198",1:16:54,0,0,167,176,6:59,6:33,16,16,1.38,0,0,0,0,0,0,0,0,0,0,0,0:00,0,0:00,No,00:00.8,12,0,1:16:53,1:17:14,584,604
Running,7/5/2022 7:33,FALSE,Fenton Running,10,"1,090",1:11:18,0,0,166,175,7:08,6:19,73,71,1.36,0,0,0,0,0,0,0,0,0,0,0,0:00,0,0:00,No,00:01.6,11,0,1:11:15,1:15:05,876,935
Running,7/3/2022 8:14,FALSE,Bangor Running,14,"1,526",1:36:30,0,0,169,176,6:53,6:09,7,7,1.39,0,0,0,0,0,0,0,0,0,0,0,0:00,0,0:00,No,00:01.6,15,0,1:36:26,1:40:45,581,591
Running,7/2/2022 9:05,FALSE,Saginaw Running,9,982,1:04:29,0,0,167,180,7:10,6:39,23,21,1.34,0,0,0,0,0,0,0,0,0,0,0,0:00,0,0:00,No,00:01.6,10,0,1:04:25,1:11:07,610,633
Running,6/30/2022 10:06,FALSE,Saginaw Running,5,547,0:34:49,0,0,167,175,6:57,6:03,13,13,1.39,0,0,0,0,0,0,0,0,0,0,0,0:00,0,0:00,No,00:01.4,6,0,0:34:48,0:36:01,584,604
Running,6/29/2022 6:44,FALSE,Genesee County Running,11,"1,199",1:18:08,0,0,168,178,7:06,6:22,171,171,1.35,0,0,0,0,0,0,0,0,0,0,0,0:00,0,0:00,No,00:00.9,12,0,1:18:06,1:18:49,837,900
Running,6/28/2022 7:11,FALSE,Grand Blanc Running,10,"1,092",1:11:20,0,0,167,178,7:08,6:05,147,141,1.35,0,0,0,0,0,0,0,0,0,0,0,0:00,0,0:00,No,00:00.9,11,0,1:11:19,1:11:20,867,922
Running,6/27/2022 16:32,FALSE,Grand Blanc Running,9.01,979,0:58:50,0,0,169,180,6:32,6:03,103,103,1.46,0,0,0,0,0,0,0,0,0,0,0,0:00,0,0:00,No,00:02.4,10,0,0:58:48,1:03:44,814,876
Running,6/26/2022 8:19,FALSE,Livingston County Running,13,"1,426",1:31:59,0,0,168,178,7:04,6:17,290,309,1.36,0,0,0,0,0,0,0,0,0,0,0,0:00,0,0:00,No,00:01.0,14,0,1:31:57,1:45:49,871,978
Running,6/25/2022 10:10,FALSE,Grand Blanc Running,6,654,0:43:46,0,0,166,176,7:17,6:30,78,92,1.33,0,0,0,0,0,0,0,0,0,0,0,0:00,0,0:00,No,00:00.8,7,0,0:43:45,0:47:40,868,922
Running,6/23/2022 6:38,FALSE,Grand Blanc Running,8,878,0:58:46,0,0,167,177,7:20,6:12,165,170,1.31,0,0,0,0,0,0,0,0,0,0,0,0:00,0,0:00,No,00:01.4,9,0,0:58:44,1:00:01,868,922
Running,6/22/2022 7:17,FALSE,MWLR,10,"1,091",1:11:13,0,0,166,176,7:07,6:34,103,108,1.36,0,0,0,0,0,0,0,0,0,0,0,0:00,0,0:00,No,00:01.3,11,0,1:11:11,1:15:54,837,900
Running,6/21/2022 7:14,FALSE,Tuesday Easy Run,9.01,977,1:04:01,0,0,166,176,7:06,6:37,84,90,1.36,0,0,0,0,0,0,0,0,0,0,0,0:00,0,0:00,No,00:01.5,10,0,1:03:58,1:07:26,870,935
Running,6/20/2022 7:06,FALSE,Monday Easy Run,9,981,1:03:09,0,0,168,178,7:01,6:02,88,85,1.37,0,0,0,0,0,0,0,0,0,0,0,0:00,0,0:00,No,00:01.5,10,0,1:03:07,1:03:14,843,909
Running,6/19/2022 8:08,TRUE,Fenton Long Run,13.01,"1,415",1:27:24,0,0,170,182,6:43,4:47,556,569,1.41,0,0,0,0,0,0,0,0,0,0,0,0:00,0,0:00,No,00:01.4,14,0,1:27:22,1:31:09,934,"1,158"
Running,6/18/2022 15:30,FALSE,Saturday Easy Run,6,659,0:42:45,0,0,167,178,7:07,6:24,272,279,1.35,0,0,0,0,0,0,0,0,0,0,0,0:00,0,0:00,No,00:01.4,7,0,0:42:44,0:42:45,931,"1,057"
Running,6/17/2022 7:57,FALSE,Friday Easy Run,8,872,0:53:56,0,0,166,174,6:44,6:05,3,3,1.44,0,0,0,0,0,0,0,0,0,0,0,0:00,0,0:00,No,00:01.2,9,0,0:53:55,0:55:56,582,594
Running,6/16/2022 10:41,FALSE,Thursday Easy Run,9,975,1:03:16,0,0,167,177,7:02,6:35,20,20,1.37,0,0,0,0,0,0,0,0,0,0,0,0:00,0,0:00,No,00:01.2,10,0,1:03:14,1:14:21,584,600
Running,6/15/2022 9:48,FALSE,WORST RUN OF MY LIFE,7,768,0:51:50,0,0,165,185,7:24,6:36,23,23,1.32,0,0,0,0,0,0,0,0,0,0,0,0:00,0,0:00,No,00:01.5,8,0,0:51:47,1:16:17,592,620
Running,6/14/2022 19:32,FALSE,Tuesday Easy Run,8,874,0:55:46,0,0,165,173,6:58,6:28,16,16,1.4,0,0,0,0,0,0,0,0,0,0,0,0:00,0,0:00,No,00:01.2,9,0,0:55:44,1:00:40,584,600
Running,6/13/2022 11:22,TRUE,Saginaw Long Run,12,"1,305",1:24:44,0,0,166,242,7:04,6:08,49,49,1.38,0,0,0,0,0,0,0,0,0,0,0,0:00,0,0:00,No,00:01.2,13,0,1:24:40,1:37:32,591,633
Running,6/11/2022 17:41,FALSE,Saturday Easy Run,4,436,0:27:45,0,0,166,175,6:56,6:22,10,7,1.4,0,0,0,0,0,0,0,0,0,0,0,0:00,0,0:00,No,00:00.7,5,0,0:27:45,0:27:53,594,604
Running,6/10/2022 10:42,FALSE,Friday Easy Run,6,657,0:43:21,0,0,168,178,7:13,6:04,16,16,1.33,0,0,0,0,0,0,0,0,0,0,0,0:00,0,0:00,No,00:01.3,7,0,0:43:20,0:44:30,584,604
Running,6/9/2022 8:05,FALSE,Thursday Easy Run,7,766,0:48:07,0,0,169,180,6:52,6:22,13,16,1.39,0,0,0,0,0,0,0,0,0,0,0,0:00,0,0:00,No,00:00.9,8,0,0:48:06,0:49:18,604,630
Running,6/8/2022 8:59,FALSE,MWLR,8,871,0:55:27,0,0,167,176,6:56,6:35,36,36,1.39,0,0,0,0,0,0,0,0,0,0,0,0:00,0,0:00,No,00:01.2,9,0,0:55:25,0:57:15,584,606
Running,6/7/2022 14:48,FALSE,Tuesday Easy Run,5,544,0:34:47,0,0,165,176,6:57,6:05,8,10,1.4,0,0,0,0,0,0,0,0,0,0,0,0:00,0,0:00,No,00:01.3,6,0,0:34:44,0:35:09,591,604
Running,6/5/2022 8:23,TRUE,First Long Run Back,10,"1,092",1:09:45,0,0,168,176,6:58,6:28,96,92,1.38,0,0,0,0,0,0,0,0,0,0,0,0:00,0,0:00,No,00:00.8,11,0,1:09:44,1:12:02,870,935
Running,6/3/2022 8:12,FALSE,End of week long run?,8.01,876,0:56:19,0,0,167,177,7:02,6:19,313,320,1.37,0,0,0,0,0,0,0,0,0,0,0,0:00,0,0:00,No,00:02.2,9,0,0:56:17,1:01:59,934,"1,157"
Running,6/2/2022 11:50,FALSE,2nd Day Back,7.5,818,0:52:48,0,0,165,175,7:02,6:36,414,404,1.38,0,0,0,0,0,0,0,0,0,0,0,0:00,0,0:00,No,03:25.8,8,0,0:52:47,0:58:34,933,"1,061"
Running,5/31/2022 13:13,FALSE,Summer 2022 Training Begins!,4,434,0:28:51,0,0,163,174,7:12,6:20,22,23,1.37,0,0,0,0,0,0,0,0,0,0,0,0:00,0,0:00,No,00:01.4,5,0,0:28:50,0:33:06,594,617
